PTS_PER_MIN,PTS_DIFF,PTS_PER_MIN_DIFF,TEAM_ID,TEAM_ID_OPP,FG_PCT,FG3_PCT,FT_PCT,PLUS_MINUS,Home_Away,MATCHUP_ID,TS%,ORtg,PER%,eFG%,AST%,YEAR,MONTH,DAY,FG_PCT_DIFF,FG3_PCT_DIFF,FT_PCT_DIFF,TS%_DIFF,eFG%_DIFF,AST%_DIFF,ORtg_DIFF,PER%_DIFF
0.4600231956463556,-235,-0.00236972370103,1610612756,1610612747,0.4662490287490287,0.3496551724137931,0.8112715603690333,-0.7333333333333333,Away,LALPHX,0.5657460949431752,109.32061954287342,118.12749747284582,0.527802059052059,28.92385392385393,2023,10,26,-0.0019368162545933,0.0056787732626272,-0.0421060244124524,0.0045210189883778,0.0034834927113084,-1.6992409743559804,0.3713306186899956,-2.494971619325483
0.4622660665335544,451,0.0079773087769307,1610612747,1610612756,0.4697661418056461,0.3416164980146022,0.7377426785126686,1.8455284552845528,Home,LALPHX,0.5658375696759612,108.24841940427903,117.73833354730216,0.5318876362619958,28.389080406223798,2023,10,26,-0.0195861791649791,0.0015843511421379,0.0328725648298474,-0.0140154146366919,-0.0154176376288006,-0.8069582138687856,-1.8227961322892556,-1.2912413577102342
0.4591913108562079,113,0.0020385089070258,1610612755,1610612749,0.4645711500974659,0.3600428781991156,0.7837425910245555,0.4575000000000001,Away,MILPHI,0.5705677777681654,110.01159289747376,117.8930951368212,0.5300438596491228,27.32943469785575,2023,10,26,-0.0019588421078997,-0.0108199449354353,-0.0155765010591575,-0.0055479026971829,-0.0028484195950218,-0.2547559228581626,-0.9623488692773634,-2.7163696031574176
0.4864924449268235,1816,0.0308046142389927,1610612749,1610612755,0.4736818264178293,0.3635786802030457,0.7474137931034482,7.348987854251012,Home,MILPHI,0.5824062043202859,112.59959963888996,124.94406719786475,0.5515491936945098,28.08026816452256,2023,10,26,-0.0339042958282853,-0.0075295104812427,0.0136995428997556,-0.0378494614712029,-0.0383122637723741,-2.091391635045362,-7.224616697472669,-9.380992794209275
